,Class
0,Cammeo
1,Cammeo
2,Cammeo
3,Cammeo
4,Cammeo
5,Cammeo
6,Cammeo
7,Cammeo
8,Cammeo
9,Cammeo
10,Cammeo
11,Cammeo
12,Cammeo
13,Cammeo
14,Cammeo
15,Cammeo
16,Cammeo
17,Cammeo
18,Cammeo
19,Cammeo
20,Cammeo
21,Cammeo
22,Cammeo
23,Cammeo
24,Cammeo
25,Cammeo
26,Cammeo
27,Cammeo
28,Cammeo
29,Cammeo
30,Cammeo
31,Cammeo
32,Cammeo
33,Cammeo
34,Cammeo
35,Cammeo
36,Cammeo
37,Cammeo
38,Cammeo
39,Cammeo
40,Cammeo
41,Cammeo
42,Cammeo
43,Cammeo
44,Cammeo
45,Cammeo
46,Cammeo
47,Cammeo
48,Cammeo
49,Cammeo
50,Cammeo
51,Cammeo
52,Cammeo
53,Cammeo
54,Cammeo
55,Cammeo
56,Cammeo
57,Cammeo
58,Cammeo
59,Cammeo
60,Cammeo
61,Cammeo
62,Cammeo
63,Cammeo
64,Cammeo
65,Cammeo
66,Cammeo
67,Cammeo
68,Cammeo
69,Cammeo
70,Cammeo
71,Cammeo
72,Cammeo
73,Cammeo
74,Cammeo
75,Cammeo
76,Cammeo
77,Cammeo
78,Cammeo
79,Cammeo
80,Cammeo
81,Cammeo
82,Cammeo
83,Cammeo
84,Cammeo
85,Cammeo
86,Cammeo
87,Cammeo
88,Cammeo
89,Cammeo
90,Cammeo
91,Cammeo
92,Cammeo
93,Cammeo
94,Cammeo
95,Cammeo
96,Cammeo
97,Cammeo
98,Cammeo
99,Cammeo
100,Cammeo
101,Cammeo
102,Cammeo
103,Cammeo
104,Cammeo
105,Cammeo
106,Cammeo
107,Cammeo
108,Cammeo
109,Cammeo
110,Cammeo
111,Cammeo
112,Cammeo
113,Cammeo
114,Cammeo
115,Cammeo
116,Cammeo
117,Cammeo
118,Cammeo
119,Cammeo
120,Cammeo
121,Cammeo
122,Cammeo
123,Cammeo
124,Cammeo
125,Cammeo
126,Cammeo
127,Cammeo
128,Cammeo
129,Cammeo
130,Cammeo
131,Cammeo
132,Cammeo
133,Cammeo
134,Cammeo
135,Cammeo
136,Cammeo
137,Cammeo
138,Cammeo
139,Cammeo
140,Cammeo
141,Cammeo
142,Cammeo
143,Cammeo
144,Cammeo
145,Cammeo
146,Cammeo
147,Cammeo
148,Cammeo
149,Cammeo
150,Cammeo
151,Cammeo
152,Cammeo
153,Cammeo
154,Cammeo
155,Cammeo
156,Cammeo
157,Cammeo
158,Cammeo
159,Cammeo
160,Cammeo
161,Cammeo
162,Cammeo
163,Cammeo
164,Cammeo
165,Cammeo
166,Cammeo
167,Cammeo
168,Cammeo
169,Cammeo
170,Cammeo
171,Cammeo
172,Cammeo
173,Cammeo
174,Cammeo
175,Cammeo
176,Cammeo
177,Cammeo
178,Cammeo
179,Cammeo
180,Cammeo
181,Cammeo
182,Cammeo
183,Cammeo
184,Cammeo
185,Cammeo
186,Cammeo
187,Cammeo
188,Cammeo
189,Cammeo
190,Cammeo
191,Cammeo
192,Cammeo
193,Cammeo
194,Cammeo
195,Cammeo
196,Cammeo
197,Cammeo
198,Cammeo
199,Cammeo
200,Cammeo
201,Cammeo
202,Cammeo
203,Cammeo
204,Cammeo
205,Cammeo
206,Cammeo
207,Cammeo
208,Cammeo
209,Cammeo
210,Cammeo
211,Cammeo
212,Cammeo
213,Cammeo
214,Cammeo
215,Cammeo
216,Cammeo
217,Cammeo
218,Cammeo
219,Cammeo
220,Cammeo
221,Cammeo
222,Cammeo
223,Cammeo
224,Cammeo
225,Cammeo
226,Cammeo
227,Cammeo
228,Cammeo
229,Cammeo
230,Cammeo
231,Cammeo
232,Cammeo
233,Cammeo
234,Cammeo
235,Cammeo
236,Cammeo
237,Cammeo
238,Cammeo
239,Cammeo
240,Cammeo
241,Cammeo
242,Cammeo
243,Cammeo
244,Cammeo
245,Cammeo
246,Cammeo
247,Cammeo
248,Cammeo
249,Cammeo
250,Cammeo
251,Cammeo
252,Cammeo
253,Cammeo
254,Cammeo
255,Cammeo
256,Cammeo
257,Cammeo
258,Cammeo
259,Cammeo
260,Cammeo
261,Cammeo
262,Cammeo
263,Cammeo
264,Cammeo
265,Cammeo
266,Cammeo
267,Cammeo
268,Cammeo
269,Cammeo
270,Cammeo
271,Cammeo
272,Cammeo
273,Cammeo
274,Cammeo
275,Cammeo
276,Cammeo
277,Cammeo
278,Cammeo
279,Cammeo
280,Cammeo
281,Cammeo
282,Cammeo
283,Cammeo
284,Cammeo
285,Cammeo
286,Cammeo
287,Cammeo
288,Cammeo
289,Cammeo
290,Cammeo
291,Cammeo
292,Cammeo
293,Cammeo
294,Cammeo
295,Cammeo
296,Cammeo
297,Cammeo
298,Cammeo
299,Cammeo
300,Cammeo
301,Cammeo
302,Cammeo
303,Cammeo
304,Cammeo
305,Cammeo
306,Cammeo
307,Cammeo
308,Cammeo
309,Cammeo
310,Cammeo
311,Cammeo
312,Cammeo
313,Cammeo
314,Cammeo
315,Cammeo
316,Cammeo
317,Cammeo
318,Cammeo
319,Cammeo
320,Cammeo
321,Cammeo
322,Cammeo
323,Cammeo
324,Cammeo
325,Cammeo
326,Cammeo
327,Cammeo
328,Cammeo
329,Cammeo
330,Cammeo
331,Cammeo
332,Cammeo
333,Cammeo
334,Cammeo
335,Cammeo
336,Cammeo
337,Cammeo
338,Cammeo
339,Cammeo
340,Cammeo
341,Cammeo
342,Cammeo
343,Cammeo
344,Cammeo
345,Cammeo
346,Cammeo
347,Cammeo
348,Cammeo
349,Cammeo
350,Cammeo
351,Cammeo
352,Cammeo
353,Cammeo
354,Cammeo
355,Cammeo
356,Cammeo
357,Cammeo
358,Cammeo
359,Cammeo
360,Cammeo
361,Cammeo
362,Cammeo
363,Cammeo
364,Cammeo
365,Cammeo
366,Cammeo
367,Cammeo
368,Cammeo
369,Cammeo
370,Cammeo
371,Cammeo
372,Cammeo
373,Cammeo
374,Cammeo
375,Cammeo
376,Cammeo
377,Cammeo
378,Cammeo
379,Cammeo
380,Cammeo
381,Cammeo
382,Cammeo
383,Cammeo
384,Cammeo
385,Cammeo
386,Cammeo
387,Cammeo
388,Cammeo
389,Cammeo
390,Cammeo
391,Cammeo
392,Cammeo
393,Cammeo
394,Cammeo
395,Cammeo
396,Cammeo
397,Cammeo
398,Cammeo
399,Cammeo
400,Cammeo
401,Cammeo
402,Cammeo
403,Cammeo
404,Cammeo
405,Cammeo
406,Cammeo
407,Cammeo
408,Cammeo
409,Cammeo
410,Cammeo
411,Cammeo
412,Cammeo
413,Cammeo
414,Cammeo
415,Cammeo
416,Cammeo
417,Cammeo
418,Cammeo
419,Cammeo
420,Cammeo
421,Cammeo
422,Cammeo
423,Cammeo
424,Cammeo
425,Cammeo
426,Cammeo
427,Cammeo
428,Cammeo
429,Cammeo
430,Cammeo
431,Cammeo
432,Cammeo
433,Cammeo
434,Cammeo
435,Cammeo
436,Cammeo
437,Cammeo
438,Cammeo
439,Cammeo
440,Cammeo
441,Cammeo
442,Cammeo
443,Cammeo
444,Cammeo
445,Cammeo
446,Cammeo
447,Cammeo
448,Cammeo
449,Cammeo
450,Cammeo
451,Cammeo
452,Cammeo
453,Cammeo
454,Cammeo
455,Cammeo
456,Cammeo
457,Cammeo
458,Cammeo
459,Cammeo
460,Cammeo
461,Cammeo
462,Cammeo
463,Cammeo
464,Cammeo
465,Cammeo
466,Cammeo
467,Cammeo
468,Cammeo
469,Cammeo
470,Cammeo
471,Cammeo
472,Cammeo
473,Cammeo
474,Cammeo
475,Cammeo
476,Cammeo
477,Cammeo
478,Cammeo
479,Cammeo
480,Cammeo
481,Cammeo
482,Cammeo
483,Cammeo
484,Cammeo
485,Cammeo
486,Cammeo
487,Cammeo
488,Cammeo
489,Cammeo
490,Cammeo
491,Cammeo
492,Cammeo
493,Cammeo
494,Cammeo
495,Cammeo
496,Cammeo
497,Cammeo
498,Cammeo
499,Cammeo
500,Cammeo
501,Cammeo
502,Cammeo
503,Cammeo
504,Cammeo
505,Cammeo
506,Cammeo
507,Cammeo
508,Cammeo
509,Cammeo
510,Cammeo
511,Cammeo
512,Cammeo
513,Cammeo
514,Cammeo
515,Cammeo
516,Cammeo
517,Cammeo
518,Cammeo
519,Cammeo
520,Cammeo
521,Cammeo
522,Cammeo
523,Cammeo
524,Cammeo
525,Cammeo
526,Cammeo
527,Cammeo
528,Cammeo
529,Cammeo
530,Cammeo
531,Cammeo
532,Cammeo
533,Cammeo
534,Cammeo
535,Cammeo
536,Cammeo
537,Cammeo
538,Cammeo
539,Cammeo
540,Cammeo
541,Cammeo
542,Cammeo
543,Cammeo
544,Cammeo
545,Cammeo
546,Cammeo
547,Cammeo
548,Cammeo
549,Cammeo
550,Cammeo
551,Cammeo
552,Cammeo
553,Cammeo
554,Cammeo
555,Cammeo
556,Cammeo
557,Cammeo
558,Cammeo
559,Cammeo
560,Cammeo
561,Cammeo
562,Cammeo
563,Cammeo
564,Cammeo
565,Cammeo
566,Cammeo
567,Cammeo
568,Cammeo
569,Cammeo
570,Cammeo
571,Cammeo
572,Cammeo
573,Cammeo
574,Cammeo
575,Cammeo
576,Cammeo
577,Cammeo
578,Cammeo
579,Cammeo
580,Cammeo
581,Cammeo
582,Cammeo
583,Cammeo
584,Cammeo
585,Cammeo
586,Cammeo
587,Cammeo
588,Cammeo
589,Cammeo
590,Cammeo
591,Cammeo
592,Cammeo
593,Cammeo
594,Cammeo
595,Cammeo
596,Cammeo
597,Cammeo
598,Cammeo
599,Cammeo
600,Cammeo
601,Cammeo
602,Cammeo
603,Cammeo
604,Cammeo
605,Cammeo
606,Cammeo
607,Cammeo
608,Cammeo
609,Cammeo
610,Cammeo
611,Cammeo
612,Cammeo
613,Cammeo
614,Cammeo
615,Cammeo
616,Cammeo
617,Cammeo
618,Cammeo
619,Cammeo
620,Cammeo
621,Cammeo
622,Cammeo
623,Cammeo
624,Cammeo
625,Cammeo
626,Cammeo
627,Cammeo
628,Cammeo
629,Cammeo
630,Cammeo
631,Cammeo
632,Cammeo
633,Cammeo
634,Cammeo
635,Cammeo
636,Cammeo
637,Cammeo
638,Cammeo
639,Cammeo
640,Cammeo
641,Cammeo
642,Cammeo
643,Cammeo
644,Cammeo
645,Cammeo
646,Cammeo
647,Cammeo
648,Cammeo
649,Cammeo
650,Cammeo
651,Cammeo
652,Cammeo
653,Cammeo
654,Cammeo
655,Cammeo
656,Cammeo
657,Cammeo
658,Cammeo
659,Cammeo
660,Cammeo
661,Cammeo
662,Cammeo
663,Cammeo
664,Cammeo
665,Cammeo
666,Cammeo
667,Cammeo
668,Cammeo
669,Cammeo
670,Cammeo
671,Cammeo
672,Cammeo
673,Cammeo
674,Cammeo
675,Cammeo
676,Cammeo
677,Cammeo
678,Cammeo
679,Cammeo
680,Cammeo
681,Cammeo
682,Cammeo
683,Cammeo
684,Cammeo
685,Cammeo
686,Cammeo
687,Cammeo
688,Cammeo
689,Cammeo
690,Cammeo
691,Cammeo
692,Cammeo
693,Cammeo
694,Cammeo
695,Cammeo
696,Cammeo
697,Cammeo
698,Cammeo
699,Cammeo
700,Cammeo
701,Cammeo
702,Cammeo
703,Cammeo
704,Cammeo
705,Cammeo
706,Cammeo
707,Cammeo
708,Cammeo
709,Cammeo
710,Cammeo
711,Cammeo
712,Cammeo
713,Cammeo
714,Cammeo
715,Cammeo
716,Cammeo
717,Cammeo
718,Cammeo
719,Cammeo
720,Cammeo
721,Cammeo
722,Cammeo
723,Cammeo
724,Cammeo
725,Cammeo
726,Cammeo
727,Cammeo
728,Cammeo
729,Cammeo
730,Cammeo
731,Cammeo
732,Cammeo
733,Cammeo
734,Cammeo
735,Cammeo
736,Cammeo
737,Cammeo
738,Cammeo
739,Cammeo
740,Cammeo
741,Cammeo
742,Cammeo
743,Cammeo
744,Cammeo
745,Cammeo
746,Cammeo
747,Cammeo
748,Cammeo
749,Cammeo
750,Cammeo
751,Cammeo
752,Cammeo
753,Cammeo
754,Cammeo
755,Cammeo
756,Cammeo
757,Cammeo
758,Cammeo
759,Cammeo
760,Cammeo
761,Cammeo
762,Cammeo
763,Cammeo
764,Cammeo
765,Cammeo
766,Cammeo
767,Cammeo
768,Cammeo
769,Cammeo
770,Cammeo
771,Cammeo
772,Cammeo
773,Cammeo
774,Cammeo
775,Cammeo
776,Cammeo
777,Cammeo
778,Cammeo
779,Cammeo
780,Cammeo
781,Cammeo
782,Cammeo
783,Cammeo
784,Cammeo
785,Cammeo
786,Cammeo
787,Cammeo
788,Cammeo
789,Cammeo
790,Cammeo
791,Cammeo
792,Cammeo
793,Cammeo
794,Cammeo
795,Cammeo
796,Cammeo
797,Cammeo
798,Cammeo
799,Cammeo
800,Cammeo
801,Cammeo
802,Cammeo
803,Cammeo
804,Cammeo
805,Cammeo
806,Cammeo
807,Cammeo
808,Cammeo
809,Cammeo
810,Cammeo
811,Cammeo
812,Cammeo
813,Cammeo
814,Cammeo
815,Cammeo
816,Cammeo
817,Cammeo
818,Cammeo
819,Cammeo
820,Cammeo
821,Cammeo
822,Cammeo
823,Cammeo
824,Cammeo
825,Cammeo
826,Cammeo
827,Cammeo
828,Cammeo
829,Cammeo
830,Cammeo
831,Cammeo
832,Cammeo
833,Cammeo
834,Cammeo
835,Cammeo
836,Cammeo
837,Cammeo
838,Cammeo
839,Cammeo
840,Cammeo
841,Cammeo
842,Cammeo
843,Cammeo
844,Cammeo
845,Cammeo
846,Cammeo
847,Cammeo
848,Cammeo
849,Cammeo
850,Cammeo
851,Cammeo
852,Cammeo
853,Cammeo
854,Cammeo
855,Cammeo
856,Cammeo
857,Cammeo
858,Cammeo
859,Cammeo
860,Cammeo
861,Cammeo
862,Cammeo
863,Cammeo
864,Cammeo
865,Cammeo
866,Cammeo
867,Cammeo
868,Cammeo
869,Cammeo
870,Cammeo
871,Cammeo
872,Cammeo
873,Cammeo
874,Cammeo
875,Cammeo
876,Cammeo
877,Cammeo
878,Cammeo
879,Cammeo
880,Cammeo
881,Cammeo
882,Cammeo
883,Cammeo
884,Cammeo
885,Cammeo
886,Cammeo
887,Cammeo
888,Cammeo
889,Cammeo
890,Cammeo
891,Cammeo
892,Cammeo
893,Cammeo
894,Cammeo
895,Cammeo
896,Cammeo
897,Cammeo
898,Cammeo
899,Cammeo
900,Cammeo
901,Cammeo
902,Cammeo
903,Cammeo
904,Cammeo
905,Cammeo
906,Cammeo
907,Cammeo
908,Cammeo
909,Cammeo
910,Cammeo
911,Cammeo
912,Cammeo
913,Cammeo
914,Cammeo
915,Cammeo
916,Cammeo
917,Cammeo
918,Cammeo
919,Cammeo
920,Cammeo
921,Cammeo
922,Cammeo
923,Cammeo
924,Cammeo
925,Cammeo
926,Cammeo
927,Cammeo
928,Cammeo
929,Cammeo
930,Cammeo
931,Cammeo
932,Cammeo
933,Cammeo
934,Cammeo
935,Cammeo
936,Cammeo
937,Cammeo
938,Cammeo
939,Cammeo
940,Cammeo
941,Cammeo
942,Cammeo
943,Cammeo
944,Cammeo
945,Cammeo
946,Cammeo
947,Cammeo
948,Cammeo
949,Cammeo
950,Cammeo
951,Cammeo
952,Cammeo
953,Cammeo
954,Cammeo
955,Cammeo
956,Cammeo
957,Cammeo
958,Cammeo
959,Cammeo
960,Cammeo
961,Cammeo
962,Cammeo
963,Cammeo
964,Cammeo
965,Cammeo
966,Cammeo
967,Cammeo
968,Cammeo
969,Cammeo
970,Cammeo
971,Cammeo
972,Cammeo
973,Cammeo
974,Cammeo
975,Cammeo
976,Cammeo
977,Cammeo
978,Cammeo
979,Cammeo
980,Cammeo
981,Cammeo
982,Cammeo
983,Cammeo
984,Cammeo
985,Cammeo
986,Cammeo
987,Cammeo
988,Cammeo
989,Cammeo
990,Cammeo
991,Cammeo
992,Cammeo
993,Cammeo
994,Cammeo
995,Cammeo
996,Cammeo
997,Cammeo
998,Cammeo
999,Cammeo
1000,Cammeo
1001,Cammeo
1002,Cammeo
1003,Cammeo
1004,Cammeo
1005,Cammeo
1006,Cammeo
1007,Cammeo
1008,Cammeo
1009,Cammeo
1010,Cammeo
1011,Cammeo
1012,Cammeo
1013,Cammeo
1014,Cammeo
1015,Cammeo
1016,Cammeo
1017,Cammeo
1018,Cammeo
1019,Cammeo
1020,Cammeo
1021,Cammeo
1022,Cammeo
1023,Cammeo
1024,Cammeo
1025,Cammeo
1026,Cammeo
1027,Cammeo
1028,Cammeo
1029,Cammeo
1030,Cammeo
1031,Cammeo
1032,Cammeo
1033,Cammeo
1034,Cammeo
1035,Cammeo
1036,Cammeo
1037,Cammeo
1038,Cammeo
1039,Cammeo
1040,Cammeo
1041,Cammeo
1042,Cammeo
1043,Cammeo
1044,Cammeo
1045,Cammeo
1046,Cammeo
1047,Cammeo
1048,Cammeo
1049,Cammeo
1050,Cammeo
1051,Cammeo
1052,Cammeo
1053,Cammeo
1054,Cammeo
1055,Cammeo
1056,Cammeo
1057,Cammeo
1058,Cammeo
1059,Cammeo
1060,Cammeo
1061,Cammeo
1062,Cammeo
1063,Cammeo
1064,Cammeo
1065,Cammeo
1066,Cammeo
1067,Cammeo
1068,Cammeo
1069,Cammeo
1070,Cammeo
1071,Cammeo
1072,Cammeo
1073,Cammeo
1074,Cammeo
1075,Cammeo
1076,Cammeo
1077,Cammeo
1078,Cammeo
1079,Cammeo
1080,Cammeo
1081,Cammeo
1082,Cammeo
1083,Cammeo
1084,Cammeo
1085,Cammeo
1086,Cammeo
1087,Cammeo
1088,Cammeo
1089,Cammeo
1090,Cammeo
1091,Cammeo
1092,Cammeo
1093,Cammeo
1094,Cammeo
1095,Cammeo
1096,Cammeo
1097,Cammeo
1098,Cammeo
1099,Cammeo
1100,Cammeo
1101,Cammeo
1102,Cammeo
1103,Cammeo
1104,Cammeo
1105,Cammeo
1106,Cammeo
1107,Cammeo
1108,Cammeo
1109,Cammeo
1110,Cammeo
1111,Cammeo
1112,Cammeo
1113,Cammeo
1114,Cammeo
1115,Cammeo
1116,Cammeo
1117,Cammeo
1118,Cammeo
1119,Cammeo
1120,Cammeo
1121,Cammeo
1122,Cammeo
1123,Cammeo
1124,Cammeo
1125,Cammeo
1126,Cammeo
1127,Cammeo
1128,Cammeo
1129,Cammeo
1130,Cammeo
1131,Cammeo
1132,Cammeo
1133,Cammeo
1134,Cammeo
1135,Cammeo
1136,Cammeo
1137,Cammeo
1138,Cammeo
1139,Cammeo
1140,Cammeo
1141,Cammeo
1142,Cammeo
1143,Cammeo
1144,Cammeo
1145,Cammeo
1146,Cammeo
1147,Cammeo
1148,Cammeo
1149,Cammeo
1150,Cammeo
1151,Cammeo
1152,Cammeo
1153,Cammeo
1154,Cammeo
1155,Cammeo
1156,Cammeo
1157,Cammeo
1158,Cammeo
1159,Cammeo
1160,Cammeo
1161,Cammeo
1162,Cammeo
1163,Cammeo
1164,Cammeo
1165,Cammeo
1166,Cammeo
1167,Cammeo
1168,Cammeo
1169,Cammeo
1170,Cammeo
1171,Cammeo
1172,Cammeo
1173,Cammeo
1174,Cammeo
1175,Cammeo
1176,Cammeo
1177,Cammeo
1178,Cammeo
1179,Cammeo
1180,Cammeo
1181,Cammeo
1182,Cammeo
1183,Cammeo
1184,Cammeo
1185,Cammeo
1186,Cammeo
1187,Cammeo
1188,Cammeo
1189,Cammeo
1190,Cammeo
1191,Cammeo
1192,Cammeo
1193,Cammeo
1194,Cammeo
1195,Cammeo
1196,Cammeo
1197,Cammeo
1198,Cammeo
1199,Cammeo
1200,Cammeo
1201,Cammeo
1202,Cammeo
1203,Cammeo
1204,Cammeo
1205,Cammeo
1206,Cammeo
1207,Cammeo
1208,Cammeo
1209,Cammeo
1210,Cammeo
1211,Cammeo
1212,Cammeo
1213,Cammeo
1214,Cammeo
1215,Cammeo
1216,Cammeo
1217,Cammeo
1218,Cammeo
1219,Cammeo
1220,Cammeo
1221,Cammeo
1222,Cammeo
1223,Cammeo
1224,Cammeo
1225,Cammeo
1226,Cammeo
1227,Cammeo
1228,Cammeo
1229,Cammeo
1230,Cammeo
1231,Cammeo
1232,Cammeo
1233,Cammeo
1234,Cammeo
1235,Cammeo
1236,Cammeo
1237,Cammeo
1238,Cammeo
1239,Cammeo
1240,Cammeo
1241,Cammeo
1242,Cammeo
1243,Cammeo
1244,Cammeo
1245,Cammeo
1246,Cammeo
1247,Cammeo
1248,Cammeo
1249,Cammeo
1250,Cammeo
1251,Cammeo
1252,Cammeo
1253,Cammeo
1254,Cammeo
1255,Cammeo
1256,Cammeo
1257,Cammeo
1258,Cammeo
1259,Cammeo
1260,Cammeo
1261,Cammeo
1262,Cammeo
1263,Cammeo
1264,Cammeo
1265,Cammeo
1266,Cammeo
1267,Cammeo
1268,Cammeo
1269,Cammeo
1270,Cammeo
1271,Cammeo
1272,Cammeo
1273,Cammeo
1274,Cammeo
1275,Cammeo
1276,Cammeo
1277,Cammeo
1278,Cammeo
1279,Cammeo
1280,Cammeo
1281,Cammeo
1282,Cammeo
1283,Cammeo
1284,Cammeo
1285,Cammeo
1286,Cammeo
1287,Cammeo
1288,Cammeo
1289,Cammeo
1290,Cammeo
1291,Cammeo
1292,Cammeo
1293,Cammeo
1294,Cammeo
1295,Cammeo
1296,Cammeo
1297,Cammeo
1298,Cammeo
1299,Cammeo
1300,Cammeo
1301,Cammeo
1302,Cammeo
1303,Cammeo
1304,Cammeo
1305,Cammeo
1306,Cammeo
1307,Cammeo
1308,Cammeo
1309,Cammeo
1310,Cammeo
1311,Cammeo
1312,Cammeo
1313,Cammeo
1314,Cammeo
1315,Cammeo
1316,Cammeo
1317,Cammeo
1318,Cammeo
1319,Cammeo
1320,Cammeo
1321,Cammeo
1322,Cammeo
1323,Cammeo
1324,Cammeo
1325,Cammeo
1326,Cammeo
1327,Cammeo
1328,Cammeo
1329,Cammeo
1330,Cammeo
1331,Cammeo
1332,Cammeo
1333,Cammeo
1334,Cammeo
1335,Cammeo
1336,Cammeo
1337,Cammeo
1338,Cammeo
1339,Cammeo
1340,Cammeo
1341,Cammeo
1342,Cammeo
1343,Cammeo
1344,Cammeo
1345,Cammeo
1346,Cammeo
1347,Cammeo
1348,Cammeo
1349,Cammeo
1350,Cammeo
1351,Cammeo
1352,Cammeo
1353,Cammeo
1354,Cammeo
1355,Cammeo
1356,Cammeo
1357,Cammeo
1358,Cammeo
1359,Cammeo
1360,Cammeo
1361,Cammeo
1362,Cammeo
1363,Cammeo
1364,Cammeo
1365,Cammeo
1366,Cammeo
1367,Cammeo
1368,Cammeo
1369,Cammeo
1370,Cammeo
1371,Cammeo
1372,Cammeo
1373,Cammeo
1374,Cammeo
1375,Cammeo
1376,Cammeo
1377,Cammeo
1378,Cammeo
1379,Cammeo
1380,Cammeo
1381,Cammeo
1382,Cammeo
1383,Cammeo
1384,Cammeo
1385,Cammeo
1386,Cammeo
1387,Cammeo
1388,Cammeo
1389,Cammeo
1390,Cammeo
1391,Cammeo
1392,Cammeo
1393,Cammeo
1394,Cammeo
1395,Cammeo
1396,Cammeo
1397,Cammeo
1398,Cammeo
1399,Cammeo
1400,Cammeo
1401,Cammeo
1402,Cammeo
1403,Cammeo
1404,Cammeo
1405,Cammeo
1406,Cammeo
1407,Cammeo
1408,Cammeo
1409,Cammeo
1410,Cammeo
1411,Cammeo
1412,Cammeo
1413,Cammeo
1414,Cammeo
1415,Cammeo
1416,Cammeo
1417,Cammeo
1418,Cammeo
1419,Cammeo
1420,Cammeo
1421,Cammeo
1422,Cammeo
1423,Cammeo
1424,Cammeo
1425,Cammeo
1426,Cammeo
1427,Cammeo
1428,Cammeo
1429,Cammeo
1430,Cammeo
1431,Cammeo
1432,Cammeo
1433,Cammeo
1434,Cammeo
1435,Cammeo
1436,Cammeo
1437,Cammeo
1438,Cammeo
1439,Cammeo
1440,Cammeo
1441,Cammeo
1442,Cammeo
1443,Cammeo
1444,Cammeo
1445,Cammeo
1446,Cammeo
1447,Cammeo
1448,Cammeo
1449,Cammeo
1450,Cammeo
1451,Cammeo
1452,Cammeo
1453,Cammeo
1454,Cammeo
1455,Cammeo
1456,Cammeo
1457,Cammeo
1458,Cammeo
1459,Cammeo
1460,Cammeo
1461,Cammeo
1462,Cammeo
1463,Cammeo
1464,Cammeo
1465,Cammeo
1466,Cammeo
1467,Cammeo
1468,Cammeo
1469,Cammeo
1470,Cammeo
1471,Cammeo
1472,Cammeo
1473,Cammeo
1474,Cammeo
1475,Cammeo
1476,Cammeo
1477,Cammeo
1478,Cammeo
1479,Cammeo
1480,Cammeo
1481,Cammeo
1482,Cammeo
1483,Cammeo
1484,Cammeo
1485,Cammeo
1486,Cammeo
1487,Cammeo
1488,Cammeo
1489,Cammeo
1490,Cammeo
1491,Cammeo
1492,Cammeo
1493,Cammeo
1494,Cammeo
1495,Cammeo
1496,Cammeo
1497,Cammeo
1498,Cammeo
1499,Cammeo
1500,Cammeo
1501,Cammeo
1502,Cammeo
1503,Cammeo
1504,Cammeo
1505,Cammeo
1506,Cammeo
1507,Cammeo
1508,Cammeo
1509,Cammeo
1510,Cammeo
1511,Cammeo
1512,Cammeo
1513,Cammeo
1514,Cammeo
1515,Cammeo
1516,Cammeo
1517,Cammeo
1518,Cammeo
1519,Cammeo
1520,Cammeo
1521,Cammeo
1522,Cammeo
1523,Cammeo
1524,Cammeo
1525,Cammeo
1526,Cammeo
1527,Cammeo
1528,Cammeo
1529,Cammeo
1530,Cammeo
1531,Cammeo
1532,Cammeo
1533,Cammeo
1534,Cammeo
1535,Cammeo
1536,Cammeo
1537,Cammeo
1538,Cammeo
1539,Cammeo
1540,Cammeo
1541,Cammeo
1542,Cammeo
1543,Cammeo
1544,Cammeo
1545,Cammeo
1546,Cammeo
1547,Cammeo
1548,Cammeo
1549,Cammeo
1550,Cammeo
1551,Cammeo
1552,Cammeo
1553,Cammeo
1554,Cammeo
1555,Cammeo
1556,Cammeo
1557,Cammeo
1558,Cammeo
1559,Cammeo
1560,Cammeo
1561,Cammeo
1562,Cammeo
1563,Cammeo
1564,Cammeo
1565,Cammeo
1566,Cammeo
1567,Cammeo
1568,Cammeo
1569,Cammeo
1570,Cammeo
1571,Cammeo
1572,Cammeo
1573,Cammeo
1574,Cammeo
1575,Cammeo
1576,Cammeo
1577,Cammeo
1578,Cammeo
1579,Cammeo
1580,Cammeo
1581,Cammeo
1582,Cammeo
1583,Cammeo
1584,Cammeo
1585,Cammeo
1586,Cammeo
1587,Cammeo
1588,Cammeo
1589,Cammeo
1590,Cammeo
1591,Cammeo
1592,Cammeo
1593,Cammeo
1594,Cammeo
1595,Cammeo
1596,Cammeo
1597,Cammeo
1598,Cammeo
1599,Cammeo
1600,Cammeo
1601,Cammeo
1602,Cammeo
1603,Cammeo
1604,Cammeo
1605,Cammeo
1606,Cammeo
1607,Cammeo
1608,Cammeo
1609,Cammeo
1610,Cammeo
1611,Cammeo
1612,Cammeo
1613,Cammeo
1614,Cammeo
1615,Cammeo
1616,Cammeo
1617,Cammeo
1618,Cammeo
1619,Cammeo
1620,Cammeo
1621,Cammeo
1622,Cammeo
1623,Cammeo
1624,Cammeo
1625,Cammeo
1626,Cammeo
1627,Cammeo
1628,Cammeo
1629,Cammeo
1630,Osmancik
1631,Osmancik
1632,Osmancik
1633,Osmancik
1634,Osmancik
1635,Osmancik
1636,Osmancik
1637,Osmancik
1638,Osmancik
1639,Osmancik
1640,Osmancik
1641,Osmancik
1642,Osmancik
1643,Osmancik
1644,Osmancik
1645,Osmancik
1646,Osmancik
1647,Osmancik
1648,Osmancik
1649,Osmancik
1650,Osmancik
1651,Osmancik
1652,Osmancik
1653,Osmancik
1654,Osmancik
1655,Osmancik
1656,Osmancik
1657,Osmancik
1658,Osmancik
1659,Osmancik
1660,Osmancik
1661,Osmancik
1662,Osmancik
1663,Osmancik
1664,Osmancik
1665,Osmancik
1666,Osmancik
1667,Osmancik
1668,Osmancik
1669,Osmancik
1670,Osmancik
1671,Osmancik
1672,Osmancik
1673,Osmancik
1674,Osmancik
1675,Osmancik
1676,Osmancik
1677,Osmancik
1678,Osmancik
1679,Osmancik
1680,Osmancik
1681,Osmancik
1682,Osmancik
1683,Osmancik
1684,Osmancik
1685,Osmancik
1686,Osmancik
1687,Osmancik
1688,Osmancik
1689,Osmancik
1690,Osmancik
1691,Osmancik
1692,Osmancik
1693,Osmancik
1694,Osmancik
1695,Osmancik
1696,Osmancik
1697,Osmancik
1698,Osmancik
1699,Osmancik
1700,Osmancik
1701,Osmancik
1702,Osmancik
1703,Osmancik
1704,Osmancik
1705,Osmancik
1706,Osmancik
1707,Osmancik
1708,Osmancik
1709,Osmancik
1710,Osmancik
1711,Osmancik
1712,Osmancik
1713,Osmancik
1714,Osmancik
1715,Osmancik
1716,Osmancik
1717,Osmancik
1718,Osmancik
1719,Osmancik
1720,Osmancik
1721,Osmancik
1722,Osmancik
1723,Osmancik
1724,Osmancik
1725,Osmancik
1726,Osmancik
1727,Osmancik
1728,Osmancik
1729,Osmancik
1730,Osmancik
1731,Osmancik
1732,Osmancik
1733,Osmancik
1734,Osmancik
1735,Osmancik
1736,Osmancik
1737,Osmancik
1738,Osmancik
1739,Osmancik
1740,Osmancik
1741,Osmancik
1742,Osmancik
1743,Osmancik
1744,Osmancik
1745,Osmancik
1746,Osmancik
1747,Osmancik
1748,Osmancik
1749,Osmancik
1750,Osmancik
1751,Osmancik
1752,Osmancik
1753,Osmancik
1754,Osmancik
1755,Osmancik
1756,Osmancik
1757,Osmancik
1758,Osmancik
1759,Osmancik
1760,Osmancik
1761,Osmancik
1762,Osmancik
1763,Osmancik
1764,Osmancik
1765,Osmancik
1766,Osmancik
1767,Osmancik
1768,Osmancik
1769,Osmancik
1770,Osmancik
1771,Osmancik
1772,Osmancik
1773,Osmancik
1774,Osmancik
1775,Osmancik
1776,Osmancik
1777,Osmancik
1778,Osmancik
1779,Osmancik
1780,Osmancik
1781,Osmancik
1782,Osmancik
1783,Osmancik
1784,Osmancik
1785,Osmancik
1786,Osmancik
1787,Osmancik
1788,Osmancik
1789,Osmancik
1790,Osmancik
1791,Osmancik
1792,Osmancik
1793,Osmancik
1794,Osmancik
1795,Osmancik
1796,Osmancik
1797,Osmancik
1798,Osmancik
1799,Osmancik
1800,Osmancik
1801,Osmancik
1802,Osmancik
1803,Osmancik
1804,Osmancik
1805,Osmancik
1806,Osmancik
1807,Osmancik
1808,Osmancik
1809,Osmancik
1810,Osmancik
1811,Osmancik
1812,Osmancik
1813,Osmancik
1814,Osmancik
1815,Osmancik
1816,Osmancik
1817,Osmancik
1818,Osmancik
1819,Osmancik
1820,Osmancik
1821,Osmancik
1822,Osmancik
1823,Osmancik
1824,Osmancik
1825,Osmancik
1826,Osmancik
1827,Osmancik
1828,Osmancik
1829,Osmancik
1830,Osmancik
1831,Osmancik
1832,Osmancik
1833,Osmancik
1834,Osmancik
1835,Osmancik
1836,Osmancik
1837,Osmancik
1838,Osmancik
1839,Osmancik
1840,Osmancik
1841,Osmancik
1842,Osmancik
1843,Osmancik
1844,Osmancik
1845,Osmancik
1846,Osmancik
1847,Osmancik
1848,Osmancik
1849,Osmancik
1850,Osmancik
1851,Osmancik
1852,Osmancik
1853,Osmancik
1854,Osmancik
1855,Osmancik
1856,Osmancik
1857,Osmancik
1858,Osmancik
1859,Osmancik
1860,Osmancik
1861,Osmancik
1862,Osmancik
1863,Osmancik
1864,Osmancik
1865,Osmancik
1866,Osmancik
1867,Osmancik
1868,Osmancik
1869,Osmancik
1870,Osmancik
1871,Osmancik
1872,Osmancik
1873,Osmancik
1874,Osmancik
1875,Osmancik
1876,Osmancik
1877,Osmancik
1878,Osmancik
1879,Osmancik
1880,Osmancik
1881,Osmancik
1882,Osmancik
1883,Osmancik
1884,Osmancik
1885,Osmancik
1886,Osmancik
1887,Osmancik
1888,Osmancik
1889,Osmancik
1890,Osmancik
1891,Osmancik
1892,Osmancik
1893,Osmancik
1894,Osmancik
1895,Osmancik
1896,Osmancik
1897,Osmancik
1898,Osmancik
1899,Osmancik
1900,Osmancik
1901,Osmancik
1902,Osmancik
1903,Osmancik
1904,Osmancik
1905,Osmancik
1906,Osmancik
1907,Osmancik
1908,Osmancik
1909,Osmancik
1910,Osmancik
1911,Osmancik
1912,Osmancik
1913,Osmancik
1914,Osmancik
1915,Osmancik
1916,Osmancik
1917,Osmancik
1918,Osmancik
1919,Osmancik
1920,Osmancik
1921,Osmancik
1922,Osmancik
1923,Osmancik
1924,Osmancik
1925,Osmancik
1926,Osmancik
1927,Osmancik
1928,Osmancik
1929,Osmancik
1930,Osmancik
1931,Osmancik
1932,Osmancik
1933,Osmancik
1934,Osmancik
1935,Osmancik
1936,Osmancik
1937,Osmancik
1938,Osmancik
1939,Osmancik
1940,Osmancik
1941,Osmancik
1942,Osmancik
1943,Osmancik
1944,Osmancik
1945,Osmancik
1946,Osmancik
1947,Osmancik
1948,Osmancik
1949,Osmancik
1950,Osmancik
1951,Osmancik
1952,Osmancik
1953,Osmancik
1954,Osmancik
1955,Osmancik
1956,Osmancik
1957,Osmancik
1958,Osmancik
1959,Osmancik
1960,Osmancik
1961,Osmancik
1962,Osmancik
1963,Osmancik
1964,Osmancik
1965,Osmancik
1966,Osmancik
1967,Osmancik
1968,Osmancik
1969,Osmancik
1970,Osmancik
1971,Osmancik
1972,Osmancik
1973,Osmancik
1974,Osmancik
1975,Osmancik
1976,Osmancik
1977,Osmancik
1978,Osmancik
1979,Osmancik
1980,Osmancik
1981,Osmancik
1982,Osmancik
1983,Osmancik
1984,Osmancik
1985,Osmancik
1986,Osmancik
1987,Osmancik
1988,Osmancik
1989,Osmancik
1990,Osmancik
1991,Osmancik
1992,Osmancik
1993,Osmancik
1994,Osmancik
1995,Osmancik
1996,Osmancik
1997,Osmancik
1998,Osmancik
1999,Osmancik
2000,Osmancik
2001,Osmancik
2002,Osmancik
2003,Osmancik
2004,Osmancik
2005,Osmancik
2006,Osmancik
2007,Osmancik
2008,Osmancik
2009,Osmancik
2010,Osmancik
2011,Osmancik
2012,Osmancik
2013,Osmancik
2014,Osmancik
2015,Osmancik
2016,Osmancik
2017,Osmancik
2018,Osmancik
2019,Osmancik
2020,Osmancik
2021,Osmancik
2022,Osmancik
2023,Osmancik
2024,Osmancik
2025,Osmancik
2026,Osmancik
2027,Osmancik
2028,Osmancik
2029,Osmancik
2030,Osmancik
2031,Osmancik
2032,Osmancik
2033,Osmancik
2034,Osmancik
2035,Osmancik
2036,Osmancik
2037,Osmancik
2038,Osmancik
2039,Osmancik
2040,Osmancik
2041,Osmancik
2042,Osmancik
2043,Osmancik
2044,Osmancik
2045,Osmancik
2046,Osmancik
2047,Osmancik
2048,Osmancik
2049,Osmancik
2050,Osmancik
2051,Osmancik
2052,Osmancik
2053,Osmancik
2054,Osmancik
2055,Osmancik
2056,Osmancik
2057,Osmancik
2058,Osmancik
2059,Osmancik
2060,Osmancik
2061,Osmancik
2062,Osmancik
2063,Osmancik
2064,Osmancik
2065,Osmancik
2066,Osmancik
2067,Osmancik
2068,Osmancik
2069,Osmancik
2070,Osmancik
2071,Osmancik
2072,Osmancik
2073,Osmancik
2074,Osmancik
2075,Osmancik
2076,Osmancik
2077,Osmancik
2078,Osmancik
2079,Osmancik
2080,Osmancik
2081,Osmancik
2082,Osmancik
2083,Osmancik
2084,Osmancik
2085,Osmancik
2086,Osmancik
2087,Osmancik
2088,Osmancik
2089,Osmancik
2090,Osmancik
2091,Osmancik
2092,Osmancik
2093,Osmancik
2094,Osmancik
2095,Osmancik
2096,Osmancik
2097,Osmancik
2098,Osmancik
2099,Osmancik
2100,Osmancik
2101,Osmancik
2102,Osmancik
2103,Osmancik
2104,Osmancik
2105,Osmancik
2106,Osmancik
2107,Osmancik
2108,Osmancik
2109,Osmancik
2110,Osmancik
2111,Osmancik
2112,Osmancik
2113,Osmancik
2114,Osmancik
2115,Osmancik
2116,Osmancik
2117,Osmancik
2118,Osmancik
2119,Osmancik
2120,Osmancik
2121,Osmancik
2122,Osmancik
2123,Osmancik
2124,Osmancik
2125,Osmancik
2126,Osmancik
2127,Osmancik
2128,Osmancik
2129,Osmancik
2130,Osmancik
2131,Osmancik
2132,Osmancik
2133,Osmancik
2134,Osmancik
2135,Osmancik
2136,Osmancik
2137,Osmancik
2138,Osmancik
2139,Osmancik
2140,Osmancik
2141,Osmancik
2142,Osmancik
2143,Osmancik
2144,Osmancik
2145,Osmancik
2146,Osmancik
2147,Osmancik
2148,Osmancik
2149,Osmancik
2150,Osmancik
2151,Osmancik
2152,Osmancik
2153,Osmancik
2154,Osmancik
2155,Osmancik
2156,Osmancik
2157,Osmancik
2158,Osmancik
2159,Osmancik
2160,Osmancik
2161,Osmancik
2162,Osmancik
2163,Osmancik
2164,Osmancik
2165,Osmancik
2166,Osmancik
2167,Osmancik
2168,Osmancik
2169,Osmancik
2170,Osmancik
2171,Osmancik
2172,Osmancik
2173,Osmancik
2174,Osmancik
2175,Osmancik
2176,Osmancik
2177,Osmancik
2178,Osmancik
2179,Osmancik
2180,Osmancik
2181,Osmancik
2182,Osmancik
2183,Osmancik
2184,Osmancik
2185,Osmancik
2186,Osmancik
2187,Osmancik
2188,Osmancik
2189,Osmancik
2190,Osmancik
2191,Osmancik
2192,Osmancik
2193,Osmancik
2194,Osmancik
2195,Osmancik
2196,Osmancik
2197,Osmancik
2198,Osmancik
2199,Osmancik
2200,Osmancik
2201,Osmancik
2202,Osmancik
2203,Osmancik
2204,Osmancik
2205,Osmancik
2206,Osmancik
2207,Osmancik
2208,Osmancik
2209,Osmancik
2210,Osmancik
2211,Osmancik
2212,Osmancik
2213,Osmancik
2214,Osmancik
2215,Osmancik
2216,Osmancik
2217,Osmancik
2218,Osmancik
2219,Osmancik
2220,Osmancik
2221,Osmancik
2222,Osmancik
2223,Osmancik
2224,Osmancik
2225,Osmancik
2226,Osmancik
2227,Osmancik
2228,Osmancik
2229,Osmancik
2230,Osmancik
2231,Osmancik
2232,Osmancik
2233,Osmancik
2234,Osmancik
2235,Osmancik
2236,Osmancik
2237,Osmancik
2238,Osmancik
2239,Osmancik
2240,Osmancik
2241,Osmancik
2242,Osmancik
2243,Osmancik
2244,Osmancik
2245,Osmancik
2246,Osmancik
2247,Osmancik
2248,Osmancik
2249,Osmancik
2250,Osmancik
2251,Osmancik
2252,Osmancik
2253,Osmancik
2254,Osmancik
2255,Osmancik
2256,Osmancik
2257,Osmancik
2258,Osmancik
2259,Osmancik
2260,Osmancik
2261,Osmancik
2262,Osmancik
2263,Osmancik
2264,Osmancik
2265,Osmancik
2266,Osmancik
2267,Osmancik
2268,Osmancik
2269,Osmancik
2270,Osmancik
2271,Osmancik
2272,Osmancik
2273,Osmancik
2274,Osmancik
2275,Osmancik
2276,Osmancik
2277,Osmancik
2278,Osmancik
2279,Osmancik
2280,Osmancik
2281,Osmancik
2282,Osmancik
2283,Osmancik
2284,Osmancik
2285,Osmancik
2286,Osmancik
2287,Osmancik
2288,Osmancik
2289,Osmancik
2290,Osmancik
2291,Osmancik
2292,Osmancik
2293,Osmancik
2294,Osmancik
2295,Osmancik
2296,Osmancik
2297,Osmancik
2298,Osmancik
2299,Osmancik
2300,Osmancik
2301,Osmancik
2302,Osmancik
2303,Osmancik
2304,Osmancik
2305,Osmancik
2306,Osmancik
2307,Osmancik
2308,Osmancik
2309,Osmancik
2310,Osmancik
2311,Osmancik
2312,Osmancik
2313,Osmancik
2314,Osmancik
2315,Osmancik
2316,Osmancik
2317,Osmancik
2318,Osmancik
2319,Osmancik
2320,Osmancik
2321,Osmancik
2322,Osmancik
2323,Osmancik
2324,Osmancik
2325,Osmancik
2326,Osmancik
2327,Osmancik
2328,Osmancik
2329,Osmancik
2330,Osmancik
2331,Osmancik
2332,Osmancik
2333,Osmancik
2334,Osmancik
2335,Osmancik
2336,Osmancik
2337,Osmancik
2338,Osmancik
2339,Osmancik
2340,Osmancik
2341,Osmancik
2342,Osmancik
2343,Osmancik
2344,Osmancik
2345,Osmancik
2346,Osmancik
2347,Osmancik
2348,Osmancik
2349,Osmancik
2350,Osmancik
2351,Osmancik
2352,Osmancik
2353,Osmancik
2354,Osmancik
2355,Osmancik
2356,Osmancik
2357,Osmancik
2358,Osmancik
2359,Osmancik
2360,Osmancik
2361,Osmancik
2362,Osmancik
2363,Osmancik
2364,Osmancik
2365,Osmancik
2366,Osmancik
2367,Osmancik
2368,Osmancik
2369,Osmancik
2370,Osmancik
2371,Osmancik
2372,Osmancik
2373,Osmancik
2374,Osmancik
2375,Osmancik
2376,Osmancik
2377,Osmancik
2378,Osmancik
2379,Osmancik
2380,Osmancik
2381,Osmancik
2382,Osmancik
2383,Osmancik
2384,Osmancik
2385,Osmancik
2386,Osmancik
2387,Osmancik
2388,Osmancik
2389,Osmancik
2390,Osmancik
2391,Osmancik
2392,Osmancik
2393,Osmancik
2394,Osmancik
2395,Osmancik
2396,Osmancik
2397,Osmancik
2398,Osmancik
2399,Osmancik
2400,Osmancik
2401,Osmancik
2402,Osmancik
2403,Osmancik
2404,Osmancik
2405,Osmancik
2406,Osmancik
2407,Osmancik
2408,Osmancik
2409,Osmancik
2410,Osmancik
2411,Osmancik
2412,Osmancik
2413,Osmancik
2414,Osmancik
2415,Osmancik
2416,Osmancik
2417,Osmancik
2418,Osmancik
2419,Osmancik
2420,Osmancik
2421,Osmancik
2422,Osmancik
2423,Osmancik
2424,Osmancik
2425,Osmancik
2426,Osmancik
2427,Osmancik
2428,Osmancik
2429,Osmancik
2430,Osmancik
2431,Osmancik
2432,Osmancik
2433,Osmancik
2434,Osmancik
2435,Osmancik
2436,Osmancik
2437,Osmancik
2438,Osmancik
2439,Osmancik
2440,Osmancik
2441,Osmancik
2442,Osmancik
2443,Osmancik
2444,Osmancik
2445,Osmancik
2446,Osmancik
2447,Osmancik
2448,Osmancik
2449,Osmancik
2450,Osmancik
2451,Osmancik
2452,Osmancik
2453,Osmancik
2454,Osmancik
2455,Osmancik
2456,Osmancik
2457,Osmancik
2458,Osmancik
2459,Osmancik
2460,Osmancik
2461,Osmancik
2462,Osmancik
2463,Osmancik
2464,Osmancik
2465,Osmancik
2466,Osmancik
2467,Osmancik
2468,Osmancik
2469,Osmancik
2470,Osmancik
2471,Osmancik
2472,Osmancik
2473,Osmancik
2474,Osmancik
2475,Osmancik
2476,Osmancik
2477,Osmancik
2478,Osmancik
2479,Osmancik
2480,Osmancik
2481,Osmancik
2482,Osmancik
2483,Osmancik
2484,Osmancik
2485,Osmancik
2486,Osmancik
2487,Osmancik
2488,Osmancik
2489,Osmancik
2490,Osmancik
2491,Osmancik
2492,Osmancik
2493,Osmancik
2494,Osmancik
2495,Osmancik
2496,Osmancik
2497,Osmancik
2498,Osmancik
2499,Osmancik
2500,Osmancik
2501,Osmancik
2502,Osmancik
2503,Osmancik
2504,Osmancik
2505,Osmancik
2506,Osmancik
2507,Osmancik
2508,Osmancik
2509,Osmancik
2510,Osmancik
2511,Osmancik
2512,Osmancik
2513,Osmancik
2514,Osmancik
2515,Osmancik
2516,Osmancik
2517,Osmancik
2518,Osmancik
2519,Osmancik
2520,Osmancik
2521,Osmancik
2522,Osmancik
2523,Osmancik
2524,Osmancik
2525,Osmancik
2526,Osmancik
2527,Osmancik
2528,Osmancik
2529,Osmancik
2530,Osmancik
2531,Osmancik
2532,Osmancik
2533,Osmancik
2534,Osmancik
2535,Osmancik
2536,Osmancik
2537,Osmancik
2538,Osmancik
2539,Osmancik
2540,Osmancik
2541,Osmancik
2542,Osmancik
2543,Osmancik
2544,Osmancik
2545,Osmancik
2546,Osmancik
2547,Osmancik
2548,Osmancik
2549,Osmancik
2550,Osmancik
2551,Osmancik
2552,Osmancik
2553,Osmancik
2554,Osmancik
2555,Osmancik
2556,Osmancik
2557,Osmancik
2558,Osmancik
2559,Osmancik
2560,Osmancik
2561,Osmancik
2562,Osmancik
2563,Osmancik
2564,Osmancik
2565,Osmancik
2566,Osmancik
2567,Osmancik
2568,Osmancik
2569,Osmancik
2570,Osmancik
2571,Osmancik
2572,Osmancik
2573,Osmancik
2574,Osmancik
2575,Osmancik
2576,Osmancik
2577,Osmancik
2578,Osmancik
2579,Osmancik
2580,Osmancik
2581,Osmancik
2582,Osmancik
2583,Osmancik
2584,Osmancik
2585,Osmancik
2586,Osmancik
2587,Osmancik
2588,Osmancik
2589,Osmancik
2590,Osmancik
2591,Osmancik
2592,Osmancik
2593,Osmancik
2594,Osmancik
2595,Osmancik
2596,Osmancik
2597,Osmancik
2598,Osmancik
2599,Osmancik
2600,Osmancik
2601,Osmancik
2602,Osmancik
2603,Osmancik
2604,Osmancik
2605,Osmancik
2606,Osmancik
2607,Osmancik
2608,Osmancik
2609,Osmancik
2610,Osmancik
2611,Osmancik
2612,Osmancik
2613,Osmancik
2614,Osmancik
2615,Osmancik
2616,Osmancik
2617,Osmancik
2618,Osmancik
2619,Osmancik
2620,Osmancik
2621,Osmancik
2622,Osmancik
2623,Osmancik
2624,Osmancik
2625,Osmancik
2626,Osmancik
2627,Osmancik
2628,Osmancik
2629,Osmancik
2630,Osmancik
2631,Osmancik
2632,Osmancik
2633,Osmancik
2634,Osmancik
2635,Osmancik
2636,Osmancik
2637,Osmancik
2638,Osmancik
2639,Osmancik
2640,Osmancik
2641,Osmancik
2642,Osmancik
2643,Osmancik
2644,Osmancik
2645,Osmancik
2646,Osmancik
2647,Osmancik
2648,Osmancik
2649,Osmancik
2650,Osmancik
2651,Osmancik
2652,Osmancik
2653,Osmancik
2654,Osmancik
2655,Osmancik
2656,Osmancik
2657,Osmancik
2658,Osmancik
2659,Osmancik
2660,Osmancik
2661,Osmancik
2662,Osmancik
2663,Osmancik
2664,Osmancik
2665,Osmancik
2666,Osmancik
2667,Osmancik
2668,Osmancik
2669,Osmancik
2670,Osmancik
2671,Osmancik
2672,Osmancik
2673,Osmancik
2674,Osmancik
2675,Osmancik
2676,Osmancik
2677,Osmancik
2678,Osmancik
2679,Osmancik
2680,Osmancik
2681,Osmancik
2682,Osmancik
2683,Osmancik
2684,Osmancik
2685,Osmancik
2686,Osmancik
2687,Osmancik
2688,Osmancik
2689,Osmancik
2690,Osmancik
2691,Osmancik
2692,Osmancik
2693,Osmancik
2694,Osmancik
2695,Osmancik
2696,Osmancik
2697,Osmancik
2698,Osmancik
2699,Osmancik
2700,Osmancik
2701,Osmancik
2702,Osmancik
2703,Osmancik
2704,Osmancik
2705,Osmancik
2706,Osmancik
2707,Osmancik
2708,Osmancik
2709,Osmancik
2710,Osmancik
2711,Osmancik
2712,Osmancik
2713,Osmancik
2714,Osmancik
2715,Osmancik
2716,Osmancik
2717,Osmancik
2718,Osmancik
2719,Osmancik
2720,Osmancik
2721,Osmancik
2722,Osmancik
2723,Osmancik
2724,Osmancik
2725,Osmancik
2726,Osmancik
2727,Osmancik
2728,Osmancik
2729,Osmancik
2730,Osmancik
2731,Osmancik
2732,Osmancik
2733,Osmancik
2734,Osmancik
2735,Osmancik
2736,Osmancik
2737,Osmancik
2738,Osmancik
2739,Osmancik
2740,Osmancik
2741,Osmancik
2742,Osmancik
2743,Osmancik
2744,Osmancik
2745,Osmancik
2746,Osmancik
2747,Osmancik
2748,Osmancik
2749,Osmancik
2750,Osmancik
2751,Osmancik
2752,Osmancik
2753,Osmancik
2754,Osmancik
2755,Osmancik
2756,Osmancik
2757,Osmancik
2758,Osmancik
2759,Osmancik
2760,Osmancik
2761,Osmancik
2762,Osmancik
2763,Osmancik
2764,Osmancik
2765,Osmancik
2766,Osmancik
2767,Osmancik
2768,Osmancik
2769,Osmancik
2770,Osmancik
2771,Osmancik
2772,Osmancik
2773,Osmancik
2774,Osmancik
2775,Osmancik
2776,Osmancik
2777,Osmancik
2778,Osmancik
2779,Osmancik
2780,Osmancik
2781,Osmancik
2782,Osmancik
2783,Osmancik
2784,Osmancik
2785,Osmancik
2786,Osmancik
2787,Osmancik
2788,Osmancik
2789,Osmancik
2790,Osmancik
2791,Osmancik
2792,Osmancik
2793,Osmancik
2794,Osmancik
2795,Osmancik
2796,Osmancik
2797,Osmancik
2798,Osmancik
2799,Osmancik
2800,Osmancik
2801,Osmancik
2802,Osmancik
2803,Osmancik
2804,Osmancik
2805,Osmancik
2806,Osmancik
2807,Osmancik
2808,Osmancik
2809,Osmancik
2810,Osmancik
2811,Osmancik
2812,Osmancik
2813,Osmancik
2814,Osmancik
2815,Osmancik
2816,Osmancik
2817,Osmancik
2818,Osmancik
2819,Osmancik
2820,Osmancik
2821,Osmancik
2822,Osmancik
2823,Osmancik
2824,Osmancik
2825,Osmancik
2826,Osmancik
2827,Osmancik
2828,Osmancik
2829,Osmancik
2830,Osmancik
2831,Osmancik
2832,Osmancik
2833,Osmancik
2834,Osmancik
2835,Osmancik
2836,Osmancik
2837,Osmancik
2838,Osmancik
2839,Osmancik
2840,Osmancik
2841,Osmancik
2842,Osmancik
2843,Osmancik
2844,Osmancik
2845,Osmancik
2846,Osmancik
2847,Osmancik
2848,Osmancik
2849,Osmancik
2850,Osmancik
2851,Osmancik
2852,Osmancik
2853,Osmancik
2854,Osmancik
2855,Osmancik
2856,Osmancik
2857,Osmancik
2858,Osmancik
2859,Osmancik
2860,Osmancik
2861,Osmancik
2862,Osmancik
2863,Osmancik
2864,Osmancik
2865,Osmancik
2866,Osmancik
2867,Osmancik
2868,Osmancik
2869,Osmancik
2870,Osmancik
2871,Osmancik
2872,Osmancik
2873,Osmancik
2874,Osmancik
2875,Osmancik
2876,Osmancik
2877,Osmancik
2878,Osmancik
2879,Osmancik
2880,Osmancik
2881,Osmancik
2882,Osmancik
2883,Osmancik
2884,Osmancik
2885,Osmancik
2886,Osmancik
2887,Osmancik
2888,Osmancik
2889,Osmancik
2890,Osmancik
2891,Osmancik
2892,Osmancik
2893,Osmancik
2894,Osmancik
2895,Osmancik
2896,Osmancik
2897,Osmancik
2898,Osmancik
2899,Osmancik
2900,Osmancik
2901,Osmancik
2902,Osmancik
2903,Osmancik
2904,Osmancik
2905,Osmancik
2906,Osmancik
2907,Osmancik
2908,Osmancik
2909,Osmancik
2910,Osmancik
2911,Osmancik
2912,Osmancik
2913,Osmancik
2914,Osmancik
2915,Osmancik
2916,Osmancik
2917,Osmancik
2918,Osmancik
2919,Osmancik
2920,Osmancik
2921,Osmancik
2922,Osmancik
2923,Osmancik
2924,Osmancik
2925,Osmancik
2926,Osmancik
2927,Osmancik
2928,Osmancik
2929,Osmancik
2930,Osmancik
2931,Osmancik
2932,Osmancik
2933,Osmancik
2934,Osmancik
2935,Osmancik
2936,Osmancik
2937,Osmancik
2938,Osmancik
2939,Osmancik
2940,Osmancik
2941,Osmancik
2942,Osmancik
2943,Osmancik
2944,Osmancik
2945,Osmancik
2946,Osmancik
2947,Osmancik
2948,Osmancik
2949,Osmancik
2950,Osmancik
2951,Osmancik
2952,Osmancik
2953,Osmancik
2954,Osmancik
2955,Osmancik
2956,Osmancik
2957,Osmancik
2958,Osmancik
2959,Osmancik
2960,Osmancik
2961,Osmancik
2962,Osmancik
2963,Osmancik
2964,Osmancik
2965,Osmancik
2966,Osmancik
2967,Osmancik
2968,Osmancik
2969,Osmancik
2970,Osmancik
2971,Osmancik
2972,Osmancik
2973,Osmancik
2974,Osmancik
2975,Osmancik
2976,Osmancik
2977,Osmancik
2978,Osmancik
2979,Osmancik
2980,Osmancik
2981,Osmancik
2982,Osmancik
2983,Osmancik
2984,Osmancik
2985,Osmancik
2986,Osmancik
2987,Osmancik
2988,Osmancik
2989,Osmancik
2990,Osmancik
2991,Osmancik
2992,Osmancik
2993,Osmancik
2994,Osmancik
2995,Osmancik
2996,Osmancik
2997,Osmancik
2998,Osmancik
2999,Osmancik
3000,Osmancik
3001,Osmancik
3002,Osmancik
3003,Osmancik
3004,Osmancik
3005,Osmancik
3006,Osmancik
3007,Osmancik
3008,Osmancik
3009,Osmancik
3010,Osmancik
3011,Osmancik
3012,Osmancik
3013,Osmancik
3014,Osmancik
3015,Osmancik
3016,Osmancik
3017,Osmancik
3018,Osmancik
3019,Osmancik
3020,Osmancik
3021,Osmancik
3022,Osmancik
3023,Osmancik
3024,Osmancik
3025,Osmancik
3026,Osmancik
3027,Osmancik
3028,Osmancik
3029,Osmancik
3030,Osmancik
3031,Osmancik
3032,Osmancik
3033,Osmancik
3034,Osmancik
3035,Osmancik
3036,Osmancik
3037,Osmancik
3038,Osmancik
3039,Osmancik
3040,Osmancik
3041,Osmancik
3042,Osmancik
3043,Osmancik
3044,Osmancik
3045,Osmancik
3046,Osmancik
3047,Osmancik
3048,Osmancik
3049,Osmancik
3050,Osmancik
3051,Osmancik
3052,Osmancik
3053,Osmancik
3054,Osmancik
3055,Osmancik
3056,Osmancik
3057,Osmancik
3058,Osmancik
3059,Osmancik
3060,Osmancik
3061,Osmancik
3062,Osmancik
3063,Osmancik
3064,Osmancik
3065,Osmancik
3066,Osmancik
3067,Osmancik
3068,Osmancik
3069,Osmancik
3070,Osmancik
3071,Osmancik
3072,Osmancik
3073,Osmancik
3074,Osmancik
3075,Osmancik
3076,Osmancik
3077,Osmancik
3078,Osmancik
3079,Osmancik
3080,Osmancik
3081,Osmancik
3082,Osmancik
3083,Osmancik
3084,Osmancik
3085,Osmancik
3086,Osmancik
3087,Osmancik
3088,Osmancik
3089,Osmancik
3090,Osmancik
3091,Osmancik
3092,Osmancik
3093,Osmancik
3094,Osmancik
3095,Osmancik
3096,Osmancik
3097,Osmancik
3098,Osmancik
3099,Osmancik
3100,Osmancik
3101,Osmancik
3102,Osmancik
3103,Osmancik
3104,Osmancik
3105,Osmancik
3106,Osmancik
3107,Osmancik
3108,Osmancik
3109,Osmancik
3110,Osmancik
3111,Osmancik
3112,Osmancik
3113,Osmancik
3114,Osmancik
3115,Osmancik
3116,Osmancik
3117,Osmancik
3118,Osmancik
3119,Osmancik
3120,Osmancik
3121,Osmancik
3122,Osmancik
3123,Osmancik
3124,Osmancik
3125,Osmancik
3126,Osmancik
3127,Osmancik
3128,Osmancik
3129,Osmancik
3130,Osmancik
3131,Osmancik
3132,Osmancik
3133,Osmancik
3134,Osmancik
3135,Osmancik
3136,Osmancik
3137,Osmancik
3138,Osmancik
3139,Osmancik
3140,Osmancik
3141,Osmancik
3142,Osmancik
3143,Osmancik
3144,Osmancik
3145,Osmancik
3146,Osmancik
3147,Osmancik
3148,Osmancik
3149,Osmancik
3150,Osmancik
3151,Osmancik
3152,Osmancik
3153,Osmancik
3154,Osmancik
3155,Osmancik
3156,Osmancik
3157,Osmancik
3158,Osmancik
3159,Osmancik
3160,Osmancik
3161,Osmancik
3162,Osmancik
3163,Osmancik
3164,Osmancik
3165,Osmancik
3166,Osmancik
3167,Osmancik
3168,Osmancik
3169,Osmancik
3170,Osmancik
3171,Osmancik
3172,Osmancik
3173,Osmancik
3174,Osmancik
3175,Osmancik
3176,Osmancik
3177,Osmancik
3178,Osmancik
3179,Osmancik
3180,Osmancik
3181,Osmancik
3182,Osmancik
3183,Osmancik
3184,Osmancik
3185,Osmancik
3186,Osmancik
3187,Osmancik
3188,Osmancik
3189,Osmancik
3190,Osmancik
3191,Osmancik
3192,Osmancik
3193,Osmancik
3194,Osmancik
3195,Osmancik
3196,Osmancik
3197,Osmancik
3198,Osmancik
3199,Osmancik
3200,Osmancik
3201,Osmancik
3202,Osmancik
3203,Osmancik
3204,Osmancik
3205,Osmancik
3206,Osmancik
3207,Osmancik
3208,Osmancik
3209,Osmancik
3210,Osmancik
3211,Osmancik
3212,Osmancik
3213,Osmancik
3214,Osmancik
3215,Osmancik
3216,Osmancik
3217,Osmancik
3218,Osmancik
3219,Osmancik
3220,Osmancik
3221,Osmancik
3222,Osmancik
3223,Osmancik
3224,Osmancik
3225,Osmancik
3226,Osmancik
3227,Osmancik
3228,Osmancik
3229,Osmancik
3230,Osmancik
3231,Osmancik
3232,Osmancik
3233,Osmancik
3234,Osmancik
3235,Osmancik
3236,Osmancik
3237,Osmancik
3238,Osmancik
3239,Osmancik
3240,Osmancik
3241,Osmancik
3242,Osmancik
3243,Osmancik
3244,Osmancik
3245,Osmancik
3246,Osmancik
3247,Osmancik
3248,Osmancik
3249,Osmancik
3250,Osmancik
3251,Osmancik
3252,Osmancik
3253,Osmancik
3254,Osmancik
3255,Osmancik
3256,Osmancik
3257,Osmancik
3258,Osmancik
3259,Osmancik
3260,Osmancik
3261,Osmancik
3262,Osmancik
3263,Osmancik
3264,Osmancik
3265,Osmancik
3266,Osmancik
3267,Osmancik
3268,Osmancik
3269,Osmancik
3270,Osmancik
3271,Osmancik
3272,Osmancik
3273,Osmancik
3274,Osmancik
3275,Osmancik
3276,Osmancik
3277,Osmancik
3278,Osmancik
3279,Osmancik
3280,Osmancik
3281,Osmancik
3282,Osmancik
3283,Osmancik
3284,Osmancik
3285,Osmancik
3286,Osmancik
3287,Osmancik
3288,Osmancik
3289,Osmancik
3290,Osmancik
3291,Osmancik
3292,Osmancik
3293,Osmancik
3294,Osmancik
3295,Osmancik
3296,Osmancik
3297,Osmancik
3298,Osmancik
3299,Osmancik
3300,Osmancik
3301,Osmancik
3302,Osmancik
3303,Osmancik
3304,Osmancik
3305,Osmancik
3306,Osmancik
3307,Osmancik
3308,Osmancik
3309,Osmancik
3310,Osmancik
3311,Osmancik
3312,Osmancik
3313,Osmancik
3314,Osmancik
3315,Osmancik
3316,Osmancik
3317,Osmancik
3318,Osmancik
3319,Osmancik
3320,Osmancik
3321,Osmancik
3322,Osmancik
3323,Osmancik
3324,Osmancik
3325,Osmancik
3326,Osmancik
3327,Osmancik
3328,Osmancik
3329,Osmancik
3330,Osmancik
3331,Osmancik
3332,Osmancik
3333,Osmancik
3334,Osmancik
3335,Osmancik
3336,Osmancik
3337,Osmancik
3338,Osmancik
3339,Osmancik
3340,Osmancik
3341,Osmancik
3342,Osmancik
3343,Osmancik
3344,Osmancik
3345,Osmancik
3346,Osmancik
3347,Osmancik
3348,Osmancik
3349,Osmancik
3350,Osmancik
3351,Osmancik
3352,Osmancik
3353,Osmancik
3354,Osmancik
3355,Osmancik
3356,Osmancik
3357,Osmancik
3358,Osmancik
3359,Osmancik
3360,Osmancik
3361,Osmancik
3362,Osmancik
3363,Osmancik
3364,Osmancik
3365,Osmancik
3366,Osmancik
3367,Osmancik
3368,Osmancik
3369,Osmancik
3370,Osmancik
3371,Osmancik
3372,Osmancik
3373,Osmancik
3374,Osmancik
3375,Osmancik
3376,Osmancik
3377,Osmancik
3378,Osmancik
3379,Osmancik
3380,Osmancik
3381,Osmancik
3382,Osmancik
3383,Osmancik
3384,Osmancik
3385,Osmancik
3386,Osmancik
3387,Osmancik
3388,Osmancik
3389,Osmancik
3390,Osmancik
3391,Osmancik
3392,Osmancik
3393,Osmancik
3394,Osmancik
3395,Osmancik
3396,Osmancik
3397,Osmancik
3398,Osmancik
3399,Osmancik
3400,Osmancik
3401,Osmancik
3402,Osmancik
3403,Osmancik
3404,Osmancik
3405,Osmancik
3406,Osmancik
3407,Osmancik
3408,Osmancik
3409,Osmancik
3410,Osmancik
3411,Osmancik
3412,Osmancik
3413,Osmancik
3414,Osmancik
3415,Osmancik
3416,Osmancik
3417,Osmancik
3418,Osmancik
3419,Osmancik
3420,Osmancik
3421,Osmancik
3422,Osmancik
3423,Osmancik
3424,Osmancik
3425,Osmancik
3426,Osmancik
3427,Osmancik
3428,Osmancik
3429,Osmancik
3430,Osmancik
3431,Osmancik
3432,Osmancik
3433,Osmancik
3434,Osmancik
3435,Osmancik
3436,Osmancik
3437,Osmancik
3438,Osmancik
3439,Osmancik
3440,Osmancik
3441,Osmancik
3442,Osmancik
3443,Osmancik
3444,Osmancik
3445,Osmancik
3446,Osmancik
3447,Osmancik
3448,Osmancik
3449,Osmancik
3450,Osmancik
3451,Osmancik
3452,Osmancik
3453,Osmancik
3454,Osmancik
3455,Osmancik
3456,Osmancik
3457,Osmancik
3458,Osmancik
3459,Osmancik
3460,Osmancik
3461,Osmancik
3462,Osmancik
3463,Osmancik
3464,Osmancik
3465,Osmancik
3466,Osmancik
3467,Osmancik
3468,Osmancik
3469,Osmancik
3470,Osmancik
3471,Osmancik
3472,Osmancik
3473,Osmancik
3474,Osmancik
3475,Osmancik
3476,Osmancik
3477,Osmancik
3478,Osmancik
3479,Osmancik
3480,Osmancik
3481,Osmancik
3482,Osmancik
3483,Osmancik
3484,Osmancik
3485,Osmancik
3486,Osmancik
3487,Osmancik
3488,Osmancik
3489,Osmancik
3490,Osmancik
3491,Osmancik
3492,Osmancik
3493,Osmancik
3494,Osmancik
3495,Osmancik
3496,Osmancik
3497,Osmancik
3498,Osmancik
3499,Osmancik
3500,Osmancik
3501,Osmancik
3502,Osmancik
3503,Osmancik
3504,Osmancik
3505,Osmancik
3506,Osmancik
3507,Osmancik
3508,Osmancik
3509,Osmancik
3510,Osmancik
3511,Osmancik
3512,Osmancik
3513,Osmancik
3514,Osmancik
3515,Osmancik
3516,Osmancik
3517,Osmancik
3518,Osmancik
3519,Osmancik
3520,Osmancik
3521,Osmancik
3522,Osmancik
3523,Osmancik
3524,Osmancik
3525,Osmancik
3526,Osmancik
3527,Osmancik
3528,Osmancik
3529,Osmancik
3530,Osmancik
3531,Osmancik
3532,Osmancik
3533,Osmancik
3534,Osmancik
3535,Osmancik
3536,Osmancik
3537,Osmancik
3538,Osmancik
3539,Osmancik
3540,Osmancik
3541,Osmancik
3542,Osmancik
3543,Osmancik
3544,Osmancik
3545,Osmancik
3546,Osmancik
3547,Osmancik
3548,Osmancik
3549,Osmancik
3550,Osmancik
3551,Osmancik
3552,Osmancik
3553,Osmancik
3554,Osmancik
3555,Osmancik
3556,Osmancik
3557,Osmancik
3558,Osmancik
3559,Osmancik
3560,Osmancik
3561,Osmancik
3562,Osmancik
3563,Osmancik
3564,Osmancik
3565,Osmancik
3566,Osmancik
3567,Osmancik
3568,Osmancik
3569,Osmancik
3570,Osmancik
3571,Osmancik
3572,Osmancik
3573,Osmancik
3574,Osmancik
3575,Osmancik
3576,Osmancik
3577,Osmancik
3578,Osmancik
3579,Osmancik
3580,Osmancik
3581,Osmancik
3582,Osmancik
3583,Osmancik
3584,Osmancik
3585,Osmancik
3586,Osmancik
3587,Osmancik
3588,Osmancik
3589,Osmancik
3590,Osmancik
3591,Osmancik
3592,Osmancik
3593,Osmancik
3594,Osmancik
3595,Osmancik
3596,Osmancik
3597,Osmancik
3598,Osmancik
3599,Osmancik
3600,Osmancik
3601,Osmancik
3602,Osmancik
3603,Osmancik
3604,Osmancik
3605,Osmancik
3606,Osmancik
3607,Osmancik
3608,Osmancik
3609,Osmancik
3610,Osmancik
3611,Osmancik
3612,Osmancik
3613,Osmancik
3614,Osmancik
3615,Osmancik
3616,Osmancik
3617,Osmancik
3618,Osmancik
3619,Osmancik
3620,Osmancik
3621,Osmancik
3622,Osmancik
3623,Osmancik
3624,Osmancik
3625,Osmancik
3626,Osmancik
3627,Osmancik
3628,Osmancik
3629,Osmancik
3630,Osmancik
3631,Osmancik
3632,Osmancik
3633,Osmancik
3634,Osmancik
3635,Osmancik
3636,Osmancik
3637,Osmancik
3638,Osmancik
3639,Osmancik
3640,Osmancik
3641,Osmancik
3642,Osmancik
3643,Osmancik
3644,Osmancik
3645,Osmancik
3646,Osmancik
3647,Osmancik
3648,Osmancik
3649,Osmancik
3650,Osmancik
3651,Osmancik
3652,Osmancik
3653,Osmancik
3654,Osmancik
3655,Osmancik
3656,Osmancik
3657,Osmancik
3658,Osmancik
3659,Osmancik
3660,Osmancik
3661,Osmancik
3662,Osmancik
3663,Osmancik
3664,Osmancik
3665,Osmancik
3666,Osmancik
3667,Osmancik
3668,Osmancik
3669,Osmancik
3670,Osmancik
3671,Osmancik
3672,Osmancik
3673,Osmancik
3674,Osmancik
3675,Osmancik
3676,Osmancik
3677,Osmancik
3678,Osmancik
3679,Osmancik
3680,Osmancik
3681,Osmancik
3682,Osmancik
3683,Osmancik
3684,Osmancik
3685,Osmancik
3686,Osmancik
3687,Osmancik
3688,Osmancik
3689,Osmancik
3690,Osmancik
3691,Osmancik
3692,Osmancik
3693,Osmancik
3694,Osmancik
3695,Osmancik
3696,Osmancik
3697,Osmancik
3698,Osmancik
3699,Osmancik
3700,Osmancik
3701,Osmancik
3702,Osmancik
3703,Osmancik
3704,Osmancik
3705,Osmancik
3706,Osmancik
3707,Osmancik
3708,Osmancik
3709,Osmancik
3710,Osmancik
3711,Osmancik
3712,Osmancik
3713,Osmancik
3714,Osmancik
3715,Osmancik
3716,Osmancik
3717,Osmancik
3718,Osmancik
3719,Osmancik
3720,Osmancik
3721,Osmancik
3722,Osmancik
3723,Osmancik
3724,Osmancik
3725,Osmancik
3726,Osmancik
3727,Osmancik
3728,Osmancik
3729,Osmancik
3730,Osmancik
3731,Osmancik
3732,Osmancik
3733,Osmancik
3734,Osmancik
3735,Osmancik
3736,Osmancik
3737,Osmancik
3738,Osmancik
3739,Osmancik
3740,Osmancik
3741,Osmancik
3742,Osmancik
3743,Osmancik
3744,Osmancik
3745,Osmancik
3746,Osmancik
3747,Osmancik
3748,Osmancik
3749,Osmancik
3750,Osmancik
3751,Osmancik
3752,Osmancik
3753,Osmancik
3754,Osmancik
3755,Osmancik
3756,Osmancik
3757,Osmancik
3758,Osmancik
3759,Osmancik
3760,Osmancik
3761,Osmancik
3762,Osmancik
3763,Osmancik
3764,Osmancik
3765,Osmancik
3766,Osmancik
3767,Osmancik
3768,Osmancik
3769,Osmancik
3770,Osmancik
3771,Osmancik
3772,Osmancik
3773,Osmancik
3774,Osmancik
3775,Osmancik
3776,Osmancik
3777,Osmancik
3778,Osmancik
3779,Osmancik
3780,Osmancik
3781,Osmancik
3782,Osmancik
3783,Osmancik
3784,Osmancik
3785,Osmancik
3786,Osmancik
3787,Osmancik
3788,Osmancik
3789,Osmancik
3790,Osmancik
3791,Osmancik
3792,Osmancik
3793,Osmancik
3794,Osmancik
3795,Osmancik
3796,Osmancik
3797,Osmancik
3798,Osmancik
3799,Osmancik
3800,Osmancik
3801,Osmancik
3802,Osmancik
3803,Osmancik
3804,Osmancik
3805,Osmancik
3806,Osmancik
3807,Osmancik
3808,Osmancik
3809,Osmancik
